Id,source,latitude,longitude,region,country,admin1,localityName,localityQuality,observationDate,reportingDate,status,disease,serotypes,speciesDescription,sumAtRisk,sumCases,sumDeaths,sumDestroyed,sumSlaughtered,humansGenderDesc,humansAge,humansAffected,humansDeaths
5416,Other,14.75,100.0997,Asia,Thailand,Suphanburi,Nang Buaj,Unknown,22/08/2004,27/08/2004,Confirmed,Influenza - Avian,H5N1 HPAI,"domestic, unspecified bird",,,,,,,,,
5412,Other,17.0225,100.1782,Asia,Thailand,Phitsanulok,Phrom Phiram,Unknown,03/07/2004,08/10/2004,Confirmed,Influenza - Avian,H5N1 HPAI,"domestic, duck, domestic, quail, domestic, chicken, domestic, chicken, domestic, turkey",45,,29,16,,,,,
5410,Other,15.75,101.7666,Asia,Thailand,Chaiyaphum,Nong Buaraheo,Unknown,03/07/2004,08/10/2004,Confirmed,Influenza - Avian,H5N1 HPAI,"domestic, duck, domestic, quail, domestic, chicken, domestic, chicken, domestic, turkey",1274,,,1274,,,,,
5408,Other,15.25,100.3497,Asia,Thailand,Nakhon Sawan,Ta Khli,Unknown,03/07/2004,08/10/2004,Confirmed,Influenza - Avian,H5N1 HPAI,"domestic, duck, domestic, quail, domestic, chicken, domestic, chicken, domestic, turkey",15,,10,5,,,,,
5406,Other,14.817,100.49,Asia,Thailand,Lopburi,Tha Wung,Unknown,03/07/2004,08/10/2004,Confirmed,Influenza - Avian,H5N1 HPAI,"domestic, duck, domestic, quail, domestic, chicken, domestic, chicken, domestic, turkey",207,,165,42,,,,,
5402,Other,14.4009,100.1268,Asia,Thailand,Suphanburi,Bang Pla Ma,Unknown,03/07/2004,08/10/2004,Confirmed,Influenza - Avian,H5N1 HPAI,"domestic, duck, domestic, quail, domestic, chicken, domestic, chicken, domestic, turkey",7500,,1500,6000,,,,,
5400,Other,14.4666,100.1166,Asia,Thailand,Suphanburi,Muang Suphan,Unknown,03/07/2004,08/10/2004,Confirmed,Influenza - Avian,H5N1 HPAI,"domestic, duck, domestic, quail, domestic, chicken, domestic, chicken, domestic, turkey",75453,,8160,67293,,,,,
5398,Other,14.2218,100.0363,Asia,Thailand,Suphanburi,Song Phi Nong,Unknown,03/07/2004,08/10/2004,Confirmed,Influenza - Avian,H5N1 HPAI,"domestic, duck, domestic, quail, domestic, chicken, domestic, chicken, domestic, turkey",3524,,924,2600,,,,,
5394,Other,14.7993,100.3195,Asia,Thailand,Singburi,Bang Racham,Unknown,03/07/2004,08/10/2004,Confirmed,Influenza - Avian,H5N1 HPAI,"domestic, duck, domestic, quail, domestic, chicken, domestic, chicken, domestic, turkey",1927,,,1927,,,,,
5392,Other,14.883,100.4166,Asia,Thailand,Singburi,Muang Sing,Unknown,03/07/2004,08/10/2004,Confirmed,Influenza - Avian,H5N1 HPAI,"domestic, duck, domestic, quail, domestic, chicken, domestic, chicken, domestic, turkey",150,,60,90,,,,,
5390,Other,16.4166,101.133,Asia,Thailand,Phetchabun,Muang Phetchabun,Unknown,03/07/2004,08/10/2004,Confirmed,Influenza - Avian,H5N1 HPAI,"domestic, duck, domestic, quail, domestic, chicken, domestic, chicken, domestic, turkey",150,,8,142,,,,,
5388,Other,13.983,99.95,Asia,Thailand,Nakhon Pathom,Muang Kamphaeng Saen,Unknown,03/07/2004,08/10/2004,Confirmed,Influenza - Avian,H5N1 HPAI,"domestic, duck, domestic, quail, domestic, chicken, domestic, chicken, domestic, turkey",3,,,3,,,,,
5386,Other,13.9,99.7666,Asia,Thailand,Kanchanaburi,Tha Maka,Unknown,03/07/2004,08/10/2004,Confirmed,Influenza - Avian,H5N1 HPAI,"domestic, duck, domestic, quail, domestic, chicken, domestic, chicken, domestic, turkey",36,,8,28,,,,,
5384,Other,14.65,99.7997,Asia,Thailand,Kanchanaburi,Lao Khwan,Unknown,03/07/2004,08/10/2004,Confirmed,Influenza - Avian,H5N1 HPAI,"domestic, duck, domestic, quail, domestic, chicken, domestic, chicken, domestic, turkey",278,,,278,,,,,
5378,Other,16.183,100.8497,Asia,Thailand,Phetchabun,Chon Daen,Unknown,03/07/2004,08/10/2004,Confirmed,Influenza - Avian,H5N1 HPAI,"domestic, duck, domestic, quail, domestic, chicken, domestic, chicken, domestic, turkey",94,,92,,,,,,
5370,Other,14.817,100.49,Asia,Thailand,Lopburi,Tha Wung,Unknown,22/08/2004,27/08/2004,Confirmed,Influenza - Avian,H5N1 HPAI,"domestic, chicken, domestic, duck, domestic, unspecified bird, domestic, goose",9,,,9,,,,,
5368,Other,14.0143,100.4093,Asia,Thailand,Pathum Thani,Lat Lum Kaeo ,Unknown,22/08/2004,27/08/2004,Confirmed,Influenza - Avian,H5N1 HPAI,"domestic, unspecified bird",,,,,,,,,
5364,Other,18.6872,98.9166,Asia,Thailand,Chiang Mai,Hang Dong,Unknown,22/08/2004,27/08/2004,Confirmed,Influenza - Avian,H5N1 HPAI,"domestic, chicken, domestic, duck, domestic, chicken, domestic, goose",,,,,,,,,
5358,Other,14.0666,100.533,Asia,Thailand,Pathum Thani,Sam Khok,Unknown,22/08/2004,27/08/2004,Confirmed,Influenza - Avian,H5N1 HPAI,"domestic, chicken, domestic, duck, domestic, goose",,,,,,,,,
5354,Other,8.433,99.9666,Asia,Thailand,Nakhon Si Thammarat,Maung Nakhon Si Thammarat,Unknown,08/09/2004,10/09/2004,Confirmed,Influenza - Avian,H5N1 HPAI,"domestic, duck, domestic, quail, domestic, chicken, domestic, chicken",,,,,,,,,
5350,Other,16.6997,102.8666,Asia,Thailand,Khon Kaen,Nam Phong,Unknown,08/09/2004,10/09/2004,Confirmed,Influenza - Avian,H5N1 HPAI,"domestic, duck, domestic, quail, domestic, chicken, domestic, chicken",51,,,51,,,,,
5344,Other,16.6666,100.183,Asia,Thailand,Phitsanulok,Ban Kathum,Unknown,08/09/2004,10/09/2004,Confirmed,Influenza - Avian,H5N1 HPAI,"domestic, duck, domestic, quail, domestic, chicken, domestic, chicken",29,,,,,,,,
5340,Other,16.5722,100.6104,Asia,Thailand,Phitsanulok,Noen Maprang,Unknown,08/09/2004,10/09/2004,Confirmed,Influenza - Avian,H5N1 HPAI,"domestic, duck, domestic, quail, domestic, chicken, domestic, chicken",,,,,,,,,
5332,Other,16.5722,100.6104,Asia,Thailand,Phitsanulok,Noen Maprang,Unknown,07/10/2004,07/10/2004,Confirmed,Influenza - Avian,H5N1 HPAI,"domestic, duck, domestic, quail, domestic, chicken, domestic, chicken",,,,,,,,,
5328,Other,16.783,101.25,Asia,Thailand,Phetchabun,Lom Sak,Unknown,22/09/2004,22/09/2004,Confirmed,Influenza - Avian,H5N1 HPAI,"domestic, chicken",,,,213,,,,,
5324,Other,16.5722,100.6104,Asia,Thailand,Phitsanulok,Noen Maprang,Unknown,08/09/2004,08/09/2004,Confirmed,Influenza - Avian,H5N1 HPAI,"domestic, duck, domestic, quail, domestic, chicken, domestic, chicken",,,,,,,,,
5316,Other,14.7666,100.633,Asia,Thailand,Lopburi,khok Samrong,Unknown,08/09/2004,10/09/2004,Confirmed,Influenza - Avian,H5N1 HPAI,"domestic, duck, domestic, quail, domestic, chicken, domestic, chicken",,,,,,,,,
5312,Other,14.4009,100.1268,Asia,Thailand,Suphanburi,Bang Pla Ma,Unknown,22/09/2004,22/09/2004,Confirmed,Influenza - Avian,H5N1 HPAI,"domestic, duck",,,,6492,,,,,
5310,Other,16.5013,100.2176,Asia,Thailand,Phichit,Sam Ngam,Unknown,08/09/2004,08/09/2004,Confirmed,Influenza - Avian,H5N1 HPAI,"domestic, duck, domestic, quail, domestic, chicken, domestic, chicken",5000,,,5000,,,,,
5306,Other,16.433,102.833,Asia,Thailand,Khon Kaen,Khon Kaen,Unknown,22/09/2004,22/09/2004,Confirmed,Influenza - Avian,H5N1 HPAI,"domestic, chicken",,,,,,,,,
5276,Other,16.333,100.7997,Asia,Thailand,Phetchabun,Wang Pong,Unknown,22/09/2004,22/09/2004,Confirmed,Influenza - Avian,H5N1 HPAI,"domestic, chicken",,,,,,,,,
5270,Other,16.5013,100.2176,Asia,Thailand,Phichit,Sam Ngam,Unknown,08/09/2004,10/09/2004,Confirmed,Influenza - Avian,H5N1 HPAI,"domestic, chicken, domestic, duck, domestic, quail",5000,,,5000,,,,,
5256,Other,14.853,101.0475,Asia,Thailand,Lopburi,Nong Bua,Unknown,08/09/2004,10/09/2004,Confirmed,Influenza - Avian,H5N1 HPAI,"domestic, chicken",500,,,500,,,,,
5252,Other,13.8,100.483,Asia,Thailand,Nonthaburi,Ban Kruai,Unknown,08/09/2004,10/09/2004,Confirmed,Influenza - Avian,H5N1 HPAI,"domestic, duck, wild, swan, domestic, chicken, domestic, chicken",75,,,75,,,,,
5248,Other,17.2833,100.0833,Asia,Thailand,Uttaradit,Pichai,Unknown,08/09/2004,10/09/2004,Confirmed,Influenza - Avian,H5N1 HPAI,"domestic, duck, domestic, quail, domestic, chicken, domestic, chicken",1911,,,1911,,,,,
5244,Other,14.0666,100.65,Asia,Thailand,Pathum Thani,Khlong Luang,Unknown,02/09/2004,02/09/2004,Confirmed,Influenza - Avian,H5N1 HPAI,"domestic, chicken",,,,33,,,,,
5240,Other,15.3666,100.0497,Asia,Thailand,Uthai Thani,Maung,Unknown,02/09/2004,02/09/2004,Confirmed,Influenza - Avian,H5N1 HPAI,"domestic, duck",,,,3846,,,,,
5236,Other,16.4527,103.3366,Asia,Thailand,Kalasin,Khlong Khlung,Unknown,02/09/2004,02/09/2004,Confirmed,Influenza - Avian,H5N1 HPAI,"domestic, chicken",,,,8,,,,,
5232,Other,15.3919,99.8438,Asia,Thailand,Uthai Thani,Nong Chang,Unknown,02/09/2004,02/09/2004,Confirmed,Influenza - Avian,H5N1 HPAI,"domestic, chicken",,,,0,,,,,
5228,Other,14.6166,100.15,Asia,Thailand,Suphanburi,Si Prachan,Unknown,27/08/2004,27/08/2004,Confirmed,Influenza - Avian,H5N1 HPAI,"domestic, duck",,,,,,,,,
5224,Other,6.6166,101.65,Asia,Thailand,Narathiwat,Bacho,Unknown,25/08/2004,25/08/2004,Confirmed,Influenza - Avian,H5N1 HPAI,"domestic, chicken",,,,,,,,,
5216,Other,14.817,100.49,Asia,Thailand,Lopburi,Tha Wung,Unknown,24/08/2004,25/08/2004,Confirmed,Influenza - Avian,H5N1 HPAI,"domestic, chicken",,,,9,,,,,
5210,Other,15.683,100.1166,Asia,Thailand,Nakhon Sawan,Nakhon Sawan,Unknown,17/08/2004,25/08/2004,Confirmed,Influenza - Avian,H5N1 HPAI,"domestic, chicken",,,,50,,,,,
5204,Other,17.6311,100.1008,Asia,Thailand,Uttaradit,Muang Utaradit,Unknown,17/08/2004,25/08/2004,Confirmed,Influenza - Avian,H5N1 HPAI,"domestic, chicken",,,,96,,,,,
5200,Other,14.2992,100.1084,Asia,Thailand,Suphanburi,Bang Yai,Unknown,16/08/2004,25/08/2004,Confirmed,Influenza - Avian,H5N1 HPAI,"domestic, chicken",,,,981,,,,,
5196,Other,16.5666,100.2997,Asia,Thailand,Phitsanulok,Bang Krahtum,Unknown,16/08/2004,25/08/2004,Confirmed,Influenza - Avian,H5N1 HPAI,"domestic, duck",,,,3380,,,,,
5192,Other,15.3619,99.9291,Asia,Thailand,Uthai Thani,Nong Khayang,Unknown,16/09/2004,25/09/2004,Confirmed,Influenza - Avian,H5N1 HPAI,"domestic, chicken",,,,460,,,,,
5188,Other,14.8366,100.9966,Asia,Thailand,Lopburi,Pattananikom,Unknown,12/08/2004,25/08/2004,Confirmed,Influenza - Avian,H5N1 HPAI,"domestic, duck",,,,,,,,,
5184,Other,16.8166,102.333,Asia,Thailand,Khon Kaen,Na-Foi,Unknown,11/08/2004,25/08/2004,Confirmed,Influenza - Avian,H5N1 HPAI,"domestic, chicken",,,,16,,,,,
5180,Other,14.3497,101.0,Asia,Thailand,Saraburi,Wiharndang,Unknown,11/08/2004,25/08/2004,Confirmed,Influenza - Avian,H5N1 HPAI,"domestic, chicken",,,,17450,,,,,
5176,Other,16.4666,99.5166,Asia,Thailand,Kampaeng Phet,Nakornchum,Unknown,11/08/2004,25/08/2004,Confirmed,Influenza - Avian,H5N1 HPAI,"domestic, chicken",,,,,,,,,
5172,Other,14.0666,100.65,Asia,Thailand,Pathum Thani,Khlong Luang,Unknown,11/08/2004,25/08/2004,Confirmed,Influenza - Avian,H5N1 HPAI,"domestic, duck",,,,,,,,,
5166,Other,14.0666,100.65,Asia,Thailand,Pathum Thani,Khlong Luang,Unknown,11/08/2004,25/08/2004,Confirmed,Influenza - Avian,H5N1 HPAI,"domestic, chicken",,,,,,,,,
5162,Other,15.0089,100.5362,Asia,Thailand,Lopburi,Sanam Chai Khet,Unknown,10/08/2004,25/08/2004,Confirmed,Influenza - Avian,H5N1 HPAI,"domestic, duck",,,,,,,,,
5154,Other,14.0734,100.5595,Asia,Thailand,Pathum Thani,Ban Pha Thung,Unknown,20/08/2004,25/08/2004,Confirmed,Influenza - Avian,H5N1 HPAI,"domestic, duck",,,,,,,,,
5148,Other,14.0734,100.5595,Asia,Thailand,Pathum Thani,Ban Pha Thung,Unknown,06/08/2004,25/08/2004,Confirmed,Influenza - Avian,H5N1 HPAI,"domestic, duck, domestic, chicken",,,,10188,,,,,
5144,Other,15.6166,99.8666,Asia,Thailand,Nakhon Sawan,Sawang Arom,Unknown,06/08/2004,25/08/2004,Confirmed,Influenza - Avian,H5N1 HPAI,"domestic, chicken",,,,,,,,,
5126,Other,6.2666,102.0497,Asia,Thailand,Narathiwat,tak bai,Unknown,06/08/2004,06/08/2004,Confirmed,Influenza - Avian,H5N1 HPAI,"domestic, duck, domestic, chicken",,,,24,,,,,
5118,Other,14.3497,101.0,Asia,Thailand,Saraburi,Wiharndang,Unknown,20/08/2004,20/08/2004,Confirmed,Influenza - Avian,H5N1 HPAI,"domestic, chicken",,,,,,,,,
5114,Other,14.3497,101.0,Asia,Thailand,Saraburi,Wiharndang,Unknown,05/08/2004,25/08/2004,Confirmed,Influenza - Avian,H5N1 HPAI,"domestic, chicken",,,,,,,,,
5072,Other,11.55,104.91667,Asia,Cambodia,Phnom Penh,Phnom Penh,Unknown,16/09/2004,23/09/2004,Confirmed,Influenza - Avian,H5N1 HPAI,"domestic, chicken",4500,,4500,,,,,,
5056,Other,16.3971,100.42,Asia,Thailand,Phichit,Ban Bung,Unknown,06/08/2004,26/08/2004,Confirmed,Influenza - Avian,H5N1 HPAI,"domestic, chicken",,,,23,,,,,
5048,Other,13.733,101.3497,Asia,Thailand,Chachoengsao,Ban Tha lat,Unknown,04/08/2004,26/08/2004,Confirmed,Influenza - Avian,H5N1 HPAI,"domestic, chicken",,,,,,,,,
5044,Other,15.5599,103.4933,Asia,Thailand,Roi Et,Kamphaeng Peth,Unknown,06/08/2004,25/08/2004,Confirmed,Influenza - Avian,H5N1 HPAI,"domestic, chicken",,,,,,,,,
5040,Other,15.5599,103.4933,Asia,Thailand,Roi Et,Kamphaeng Peth,Unknown,30/07/2004,25/08/2004,Confirmed,Influenza - Avian,H5N1 HPAI,"domestic, chicken",,,,106,,,,,
5036,Other,14.683,100.7166,Asia,Thailand,Saraburi,Nong Done,Unknown,03/08/2004,03/08/2004,Confirmed,Influenza - Avian,H5N1 HPAI,"domestic, chicken, domestic, duck, domestic, goose",,,,818,,,,,
5030,Other,14.8,100.6166,Asia,Thailand,Lopburi,Maung,Unknown,13/08/2004,18/08/2004,Confirmed,Influenza - Avian,H5N1 HPAI,"domestic, chicken",,,,9,,,,,
5020,Other,15.5599,103.4933,Asia,Thailand,Roi Et,Kamphaeng Peth,Unknown,10/08/2004,18/08/2004,Confirmed,Influenza - Avian,H5N1 HPAI,"domestic, chicken",,,,,,,,,
5016,Other,14.0166,100.4166,Asia,Thailand,Pathum Thani,Lad Lumkhew,Unknown,12/07/2004,13/07/2004,Confirmed,Influenza - Avian,H5N1 HPAI,"domestic, duck, domestic, chicken",,,,,,,,,
5014,Other,14.0166,100.4166,Asia,Thailand,Pathum Thani,Lad Lumkhew,Unknown,12/07/2004,12/07/2004,Confirmed,Influenza - Avian,H5N1 HPAI,"domestic, duck, domestic, chicken",,,,,,,,,
5010,Other,14.0166,100.4166,Asia,Thailand,Pathum Thani,Lad Lumkhew,Unknown,12/07/2004,13/07/2004,Confirmed,Influenza - Avian,H5N1 HPAI,"domestic, duck, domestic, chicken, domestic, chicken",100,30,30,70,,,,,
5008,Other,15.5637,100.0701,Asia,Thailand,Nakhon Sawan,Krok Phra,Unknown,21/07/2004,21/07/2004,Confirmed,Influenza - Avian,H5N1 HPAI,"domestic, chicken",,,,,,,,,
5004,Other,13.1666,100.9333,Asia,Thailand,Chonburi,Sriracha,Unknown,17/07/2004,17/07/2004,Confirmed,Influenza - Avian,H5N1 HPAI,"domestic, chicken",,,,,,,,,
5000,Other,14.4227,100.138,Asia,Thailand,Suphanburi,Bang plama,Unknown,16/07/2004,16/07/2004,Confirmed,Influenza - Avian,H5N1 HPAI,"domestic, chicken",,,,,,,,,
4996,Other,14.0166,100.4166,Asia,Thailand,Pathum Thani,Lad Lumkhew,Unknown,15/07/2004,15/07/2004,Confirmed,Influenza - Avian,H5N1 HPAI,"domestic, chicken",,,,,,,,,
4990,Other,15.3666,100.0499,Asia,Thailand,Uthai Thani,Uthai Thani,Unknown,15/07/2004,15/07/2004,Confirmed,Influenza - Avian,H5N1 HPAI,"domestic, chicken",,,,,,,,,
4986,Other,14.4666,100.1166,Asia,Thailand,Suphanburi,Suphan Buri,Unknown,12/07/2004,13/07/2004,Confirmed,Influenza - Avian,H5N1 HPAI,"domestic, chicken",,,,,,,,,
4984,Other,14.5833,100.45,Asia,Thailand,Ang Thong,Ang Thong,Unknown,12/07/2004,13/07/2004,Confirmed,Influenza - Avian,H5N1 HPAI,"domestic, chicken",,,,,,,,,
4978,Other,31.599,117.862,Asia,China,Anhui Sheng,Ju chao,Exact,28/06/2004,07/07/2004,Confirmed,Influenza - Avian,H5N1 HPAI,"domestic, chicken",8160,1850,1520,22000,,,,,
4976,Other,15.683,100.1166,Asia,Thailand,Nakhon Sawan,Nakon Sawan,Unknown,12/07/2004,13/07/2004,Confirmed,Influenza - Avian,H5N1 HPAI,"domestic, duck, domestic, chicken, domestic, chicken",8000,400,400,2500,,,,,
4972,Other,14.133,100.833,Asia,Thailand,Pathum Thani,Phatum,Unknown,12/07/2004,13/07/2004,Confirmed,Influenza - Avian,H5N1 HPAI,"domestic, duck, domestic, chicken, domestic, chicken",1200,,,,,,,,
4966,Other,17.6311,100.1008,Asia,Thailand,Uttaradit,Uttaradit,Unknown,09/07/2004,09/07/2004,Confirmed,Influenza - Avian,H5N1 HPAI,"domestic, chicken",1590,484,484,1106,,,,,
4960,Other,17.0063,99.8233,Asia,Thailand,Sukhothai,Sukhothai,Unknown,09/07/2004,09/07/2004,Confirmed,Influenza - Avian,H5N1 HPAI,"domestic, chicken",225,35,35,,,,,,
4956,Other,17.0063,99.8233,Asia,Thailand,Sukhothai,Sukhothai,Unknown,09/07/2004,09/07/2004,Confirmed,Influenza - Avian,H5N1 HPAI,"domestic, chicken",100,20,20,80,,,,,
4950,Other,17.0063,99.8233,Asia,Thailand,Sukhothai,Sukhothai,Unknown,09/07/2004,09/07/2004,Confirmed,Influenza - Avian,H5N1 HPAI,"domestic, chicken",600,23,23,577,,,,,
4928,Other,14.2833,100.5,Asia,Thailand,Phra Nakhon Si Ayudhya,Ayuthaya,Unknown,03/07/2004,03/07/2004,Confirmed,Influenza - Avian,H5N1 HPAI,"domestic, chicken",26000,800,700,24500,,,,,
4904,Other,11.127599,104.772236,Asia,Cambodia,Takeo,Kapnim,Unknown,24/03/2004,09/04/2004,Confirmed,Influenza - Avian,H5N1 HPAI,"domestic, chicken",,,24,,,,,,
4900,Other,12.06,105.46,Asia,Cambodia,Kampong Cham,Kah Samrong,Unknown,27/03/2004,09/04/2004,Confirmed,Influenza - Avian,H5N1 HPAI,"domestic, chicken",,,3,,,,,,
4892,Other,52.5,83.0,Europe,Russian Federation,Altayskiy Kray,Altay,Unknown,12/05/2004,12/05/2004,Denied,Influenza - Avian,HPAI,"domestic, chicken",,,,,,,,,
4888,Other,18.79028,98.98167,Asia,Thailand,Chiang Mai,Chiang Mai,Unknown,22/05/2004,25/05/2004,Confirmed,Influenza - Avian,H5N1 HPAI,"domestic, chicken",2048,473,473,1575,,,,,
4868,National authorities,35.01333,135.57333,Asia,Japan,Kyooto,Kameoka city (Kyoto Prefecture),Unknown,02/04/2004,02/04/2004,Confirmed,Influenza - Avian,H5N1 HPAI,"wild, crow",,1,1,,,,,,
4864,OIE,35.01333,135.57333,Asia,Japan,Kyooto,Kameoka city (Kyoto Prefecture),Unknown,14/03/2004,14/03/2004,Confirmed,Influenza - Avian,H5N1 HPAI,"wild, crow",,1,1,,,,,,
4818,Other,15.9825,101.06222,Asia,Thailand,Phetchabun,Nong Phai,Unknown,19/04/2004,27/04/2004,Confirmed,Influenza - Avian,H5N1 HPAI,"domestic, chicken",,,,8200,,,,,
4816,Other,15.9825,101.06222,Asia,Thailand,Phetchabun,Nong Phai,Unknown,19/04/2004,27/04/2004,Confirmed,Influenza - Avian,H5N1 HPAI,"domestic, chicken",,,,7584,,,,,
4812,Other,17.63111,100.10083,Asia,Thailand,Uttaradit,Uttaradit,Unknown,19/04/2004,23/04/2004,Confirmed,Influenza - Avian,H5N1 HPAI,"domestic, chicken, domestic, goose",,5,,15694,,,,,
4798,Other,16.46667,99.5,Asia,Thailand,Kampaeng Phet,Kamphaeng Peth,Unknown,26/01/2004,24/02/2004,Confirmed,Influenza - Avian,H5N1 HPAI,"domestic, chicken",,,,,,,,,
4794,Other,17.87611,102.74444,Asia,Thailand,Nong Khai,Nong Khai,Unknown,28/01/2004,24/02/2004,Confirmed,Influenza - Avian,H5N1 HPAI,"domestic, chicken",,,,,,,,,
4790,Other,15.8,102.03333,Asia,Thailand,Chaiyaphum,Chaiyaphum,Unknown,28/01/2004,24/02/2004,Confirmed,Influenza - Avian,H5N1 HPAI,"domestic, chicken",,,,,,,,,
4786,Other,13.53306,100.28306,Asia,Thailand,Samut Sakhon,Samut Sakhon,Unknown,28/01/2004,24/02/2004,Confirmed,Influenza - Avian,H5N1 HPAI,"domestic, chicken",,,,,,,,,
4778,Other,17.87611,102.74444,Asia,Thailand,Nong Khai,Nong khai,Unknown,28/01/2004,24/02/2004,Confirmed,Influenza - Avian,H5N1 HPAI,"domestic, chicken",,,,,,,,,
4772,Other,13.53333,99.8,Asia,Thailand,Ratchaburi,Ratchaburi,Unknown,26/01/2004,24/02/2004,Confirmed,Influenza - Avian,H5N1 HPAI,"domestic, chicken",,,,,,,,,
4768,Other,15.39194,99.84389,Asia,Thailand,Uthai Thani,Nong Chang,Unknown,26/01/2004,24/02/2004,Confirmed,Influenza - Avian,H5N1 HPAI,"domestic, chicken",,,,,,,,,
4764,Other,17.28333,100.08333,Asia,Thailand,Uttaradit,Pichai,Unknown,26/01/2004,24/02/2004,Confirmed,Influenza - Avian,H5N1 HPAI,"domestic, chicken",,,,,,,,,
4760,Other,14.8,100.29972,Asia,Thailand,Singburi,Bang Rachan,Unknown,26/01/2004,24/02/2004,Confirmed,Influenza - Avian,H5N1 HPAI,"domestic, chicken",,,,,,,,,
4756,Other,15.0,100.33333,Asia,Thailand,Singburi,In Buri,Unknown,26/01/2004,24/02/2004,Confirmed,Influenza - Avian,H5N1 HPAI,"domestic, chicken",,,,,,,,,
4750,Other,17.03306,100.20194,Asia,Thailand,Phitsanulok,Phrom Phiram,Unknown,26/01/2004,24/02/2004,Confirmed,Influenza - Avian,H5N1 HPAI,"domestic, chicken",,,,,,,,,
4746,Other,14.98333,100.01667,Asia,Thailand,Chainat,Hankha,Unknown,26/01/2004,24/02/2004,Confirmed,Influenza - Avian,H5N1 HPAI,"domestic, chicken",,,,,,,,,
4740,Other,16.6,99.86667,Asia,Thailand,Kampaeng Phet,Lan Krabu,Unknown,26/01/2004,24/02/2004,Confirmed,Influenza - Avian,H5N1 HPAI,"domestic, chicken",,,,,,,,,
4730,Other,16.5,99.91667,Asia,Thailand,Kampaeng Phet,Sai Ngam,Unknown,26/01/2004,24/02/2004,Confirmed,Influenza - Avian,H5N1 HPAI,"domestic, chicken",,,,,,,,,
4720,Other,19.3,100.86667,Asia,Thailand,Nan,Chiang klang,Unknown,29/01/2004,24/02/2004,Confirmed,Influenza - Avian,H5N1 HPAI,"domestic, chicken",,,,,,,,,
4716,Other,13.21667,99.98306,Asia,Thailand,Phetchaburi,Ban Laem,Unknown,02/02/2004,24/02/2004,Confirmed,Influenza - Avian,H5N1 HPAI,"domestic, chicken",,,,,,,,,
4710,Other,12.96667,100.9,Asia,Thailand,Chonburi,Tha Yang,Unknown,04/02/2004,24/02/2004,Confirmed,Influenza - Avian,H5N1 HPAI,"domestic, chicken",,,,,,,,,
4706,Other,17.4075,102.79306,Asia,Thailand,Udon Thani,Udon Thani,Unknown,30/01/2004,24/02/2004,Confirmed,Influenza - Avian,H5N1 HPAI,"domestic, chicken",,,,,,,,,
4702,Other,16.18306,103.29972,Asia,Thailand,Maha Sarakham,Maha Sarakam,Unknown,30/01/2004,24/02/2004,Confirmed,Influenza - Avian,H5N1 HPAI,"domestic, chicken",,,,,,,,,
4698,Other,16.0,98.79972,Asia,Thailand,Tak,Um Phang,Unknown,30/01/2004,24/02/2004,Confirmed,Influenza - Avian,H5N1 HPAI,"domestic, chicken",,,,,,,,,
4696,Other,19.26,99.9,Asia,Thailand,Phayao,Mae Sariang,Unknown,30/01/2004,24/02/2004,Confirmed,Influenza - Avian,H5N1 HPAI,"domestic, chicken",,,,,,,,,
4692,Other,8.86667,98.35,Asia,Thailand,Phangnga,Takua Pa,Unknown,30/01/2004,24/02/2004,Confirmed,Influenza - Avian,H5N1 HPAI,"domestic, chicken",,,,92825,,,,,
4688,Other,14.83333,104.33333,Asia,Thailand,Si Saket,Srisaket,Unknown,29/01/2004,24/02/2004,Confirmed,Influenza - Avian,H5N1 HPAI,"domestic, chicken",,,,,,,,,
4682,Other,14.88333,103.5,Asia,Thailand,Surin,Surin,Unknown,29/01/2004,24/02/2004,Confirmed,Influenza - Avian,H5N1 HPAI,"domestic, chicken",,,,,,,,,
4678,Other,14.0,101.23,Asia,Thailand,Phachinburi,Ban sang,Unknown,29/01/2004,24/02/2004,Confirmed,Influenza - Avian,H5N1 HPAI,"domestic, chicken",,,,,,,,,
4672,Other,12.66667,100.9,Asia,Thailand,Chonburi,Sattahip,Unknown,04/02/2004,24/02/2004,Confirmed,Influenza - Avian,H5N1 HPAI,"domestic, chicken",,,,,,,,,
4668,Other,15.08306,100.5,Asia,Thailand,Lopburi,"Ban Mi, Amphoe",Unknown,04/02/2004,24/02/2004,Confirmed,Influenza - Avian,H5N1 HPAI,"domestic, chicken",,,,,,,,,
4664,Other,19.08306,101.08306,Asia,Thailand,Nan,Bo Klua,Unknown,29/01/2004,24/02/2004,Confirmed,Influenza - Avian,H5N1 HPAI,"domestic, chicken",,,,,,,,,
4660,Other,19.18333,100.91667,Asia,Thailand,Nan,Pua,Unknown,29/01/2004,24/02/2004,Confirmed,Influenza - Avian,H5N1 HPAI,"domestic, chicken",,,,,,,,,
4656,Other,18.71667,101.03306,Asia,Thailand,Nan,Mae Charim,Unknown,29/01/2004,24/02/2004,Confirmed,Influenza - Avian,H5N1 HPAI,"domestic, chicken",,,,,,,,,
4654,Other,18.42694,98.67806,Asia,Thailand,Chiang Mai,Chom Thong,Unknown,29/01/2004,24/02/2004,Confirmed,Influenza - Avian,H5N1 HPAI,"domestic, chicken",,,,,,,,,
4650,Other,18.68722,98.91667,Asia,Thailand,Chiang Mai,Hang Dong,Unknown,29/01/2004,24/02/2004,Confirmed,Influenza - Avian,H5N1 HPAI,"domestic, chicken",,,,,,,,,
4646,Other,18.71417,99.03528,Asia,Thailand,Chiang Mai,Saraphi,Unknown,29/01/2004,24/02/2004,Confirmed,Influenza - Avian,H5N1 HPAI,"domestic, chicken",,,,,,,,,
4642,Other,18.74222,99.1225,Asia,Thailand,Chiang Mai,San khamphang,Unknown,29/01/2004,24/02/2004,Confirmed,Influenza - Avian,H5N1 HPAI,"domestic, chicken",,,,,,,,,
4638,Other,19.91667,99.91667,Asia,Thailand,Chiang Rai,"Muang Chiang Rai, Amphoe",Unknown,29/01/2004,24/02/2004,Confirmed,Influenza - Avian,H5N1 HPAI,"domestic, chicken",,,,,,,,,
4634,Other,14.12278,100.99722,Asia,Thailand,Nakhon Nayok,Ongkharak,Unknown,28/01/2004,24/02/2004,Confirmed,Influenza - Avian,H5N1 HPAI,"domestic, chicken",,,,,,,,,
4630,Other,16.41667,101.13333,Asia,Thailand,Phetchabun,Phetchabun,Unknown,28/01/2004,24/02/2004,Confirmed,Influenza - Avian,H5N1 HPAI,"domestic, chicken",,,,,,,,,
4624,Other,15.76333,101.91306,Asia,Thailand,Chaiyaphum,Ban Khwao,Unknown,28/01/2004,24/02/2004,Confirmed,Influenza - Avian,H5N1 HPAI,"domestic, chicken",,,,,,,,,
4618,Other,16.28306,101.95,Asia,Thailand,Chaiyaphum,Kaset Sombun,Unknown,28/01/2004,24/02/2004,Confirmed,Influenza - Avian,H5N1 HPAI,"domestic, chicken",,,,,,,,,
4612,Other,13.66667,100.53306,Asia,Thailand,Samut Prakarn,Phra Pradaeng,Unknown,28/01/2004,24/02/2004,Confirmed,Influenza - Avian,H5N1 HPAI,"domestic, chicken",,,,,,,,,
4608,Other,13.59972,100.71667,Asia,Thailand,Samut Prakarn,Bang Phli,Unknown,28/01/2004,28/01/2004,Confirmed,Influenza - Avian,H5N1 HPAI,"domestic, chicken",,,,,,,,,
4604,Other,18.3,103.59972,Asia,Thailand,Nong Khai,Bung Kan,Unknown,28/01/2004,24/02/2004,Confirmed,Influenza - Avian,H5N1 HPAI,"domestic, chicken",,,,,,,,,
4600,Other,18.52444,98.93861,Asia,Thailand,Lamphun,Pa Sang,Unknown,28/01/2004,24/02/2004,Confirmed,Influenza - Avian,H5N1 HPAI,"domestic, chicken",,,,,,,,,
4596,Other,18.75,99.5,Asia,Thailand,Lampang,Muang Pang,Unknown,28/01/2004,24/02/2004,Confirmed,Influenza - Avian,H5N1 HPAI,"domestic, chicken",,,,,,,,,
4588,Other,16.43306,102.83306,Asia,Thailand,Khon Kaen,Khon Kaen,Unknown,28/01/2004,24/02/2004,Confirmed,Influenza - Avian,H5N1 HPAI,"domestic, chicken",,,,,,,,,
4584,Other,13.43306,99.41667,Asia,Thailand,Ratchaburi,Ban Kha,Unknown,26/01/2004,24/02/2004,Confirmed,Influenza - Avian,H5N1 HPAI,"domestic, chicken",,,,,,,,,
4580,Other,14.12583,99.70111,Asia,Thailand,Kanchanaburi,Phanom Thuan,Unknown,24/01/2004,24/02/2004,Confirmed,Influenza - Avian,H5N1 HPAI,"domestic, chicken",,,,,,,,,
4574,Other,16.43306,102.83306,Asia,Thailand,Khon Kaen,Khon Kaen,Unknown,06/04/2004,09/04/2004,Confirmed,Influenza - Avian,H5N1 HPAI,"domestic, chicken",,,,6000,,,,,
4566,Other,13.46667,101.09972,Asia,Thailand,Chonburi,Phantong,Unknown,06/04/2004,09/04/2004,Confirmed,Influenza - Avian,H5N1 HPAI,"domestic, chicken",5526,,200,5326,,,,,
4550,Other,14.65,99.79972,Asia,Thailand,Kanchanaburi,Lao Khwan,Unknown,18/03/2004,18/03/2004,Confirmed,Influenza - Avian,H5N1 HPAI,"domestic, chicken",,,,20000,,,,,
4544,Other,13.44972,101.18,Asia,Thailand,Chonburi,Phanat Nikhom,Unknown,19/03/2004,22/03/2004,Confirmed,Influenza - Avian,H5N1 HPAI,"domestic, chicken",,,,,,,,,
4534,Other,14.19972,100.06667,Asia,Thailand,Suphanburi,Song-peenong,Unknown,23/01/2004,23/01/2004,Confirmed,Influenza - Avian,H5N1 HPAI,"domestic, chicken",,,,,,,,,
4518,Other,14.44972,100.54972,Asia,Thailand,Phra Nakhon Si Ayudhya,Bang Pa,Unknown,19/03/2004,22/03/2004,Confirmed,Influenza - Avian,H5N1 HPAI,"domestic, unspecified bird",,,,,,,,,
4514,Other,18.85222,99.04528,Asia,Thailand,Chiang Mai,San Sai,Unknown,19/03/2004,22/03/2004,Confirmed,Influenza - Avian,H5N1 HPAI,"domestic, chicken",,20000,20000,,,,,,
4502,Other,-33.8,18.86667,Africa,South Africa,Western Cape,Klapmuts,Unknown,25/03/2004,25/03/2004,Confirmed,Influenza - Avian,LPAI,"domestic, chicken",,,,,,,,,
4496,Other,11.23,104.79,Asia,Cambodia,Takeo,Phnom tamao zoo,Unknown,14/01/2004,14/01/2004,Confirmed,Influenza - Avian,H5N1 HPAI,"wild, unspecified bird",346,86,86,,,,,,
4486,Other,11.0,104.73,Asia,Cambodia,Takeo,Trapangkrovem,Unknown,21/02/2004,23/03/2004,Confirmed,Influenza - Avian,H5N1 HPAI,"domestic, duck",1000,800,,800,,,,,
4480,Other,13.36667,103.85,Asia,Cambodia,Siem Reap,Siem Reap,Unknown,11/02/2004,23/03/2004,Confirmed,Influenza - Avian,H5N1 HPAI,"domestic, chicken",2000,2,2,,,,,,
4474,Other,11.02,104.78,Asia,Cambodia,Takeo,Snaur,Unknown,06/02/2004,23/03/2004,Confirmed,Influenza - Avian,H5N1 HPAI,"domestic, chicken",2000,690,690,1310,,,,,
4462,Other,11.02,104.78,Asia,Cambodia,Takeo,Snaur,Unknown,06/02/2004,23/03/2004,Confirmed,Influenza - Avian,H5N1 HPAI,"domestic, chicken",1200,1020,1020,180,,,,,
4460,Other,11.52,104.99,Asia,Cambodia,Kandal,Bok Ankaph,Unknown,13/02/2004,23/03/2004,Confirmed,Influenza - Avian,H5N1 HPAI,"domestic, chicken",2700,167,167,2533,,,,,
4456,Other,11.43,104.95,Asia,Cambodia,Kandal,Prek Samrong,Unknown,09/02/2004,23/03/2004,Confirmed,Influenza - Avian,H5N1 HPAI,"domestic, chicken",2500,1700,1700,800,,,,,
4426,Other,35.33861,129.03861,Asia,Republic of Korea,Kyongsangnam-do,Yangsan,Unknown,21/03/2004,21/03/2004,Confirmed,Influenza - Avian,H5N1 HPAI,"wild, magpie",,1,1,,,,,,
4414,Other,37.78333,127.11667,Asia,Republic of Korea,Kyonggi-do,Yangju,Unknown,21/03/2004,21/03/2004,Confirmed,Influenza - Avian,H5N1 HPAI,"domestic, chicken",,,,,,,,,
4406,Other,17.63111,100.10083,Asia,Thailand,Uttaradit,Uttaradit,Unknown,14/03/2004,14/03/2004,Confirmed,Influenza - Avian,H5N1 HPAI,"domestic, chicken",,2209,2209,,,,,,
4398,Other,34.81611,135.56833,Asia,Japan,Oosaka,Ibaraki city (Osaka Prefecture),Unknown,10/03/2004,10/03/2004,Confirmed,Influenza - Avian,H5N1 HPAI,"wild, crow",,1,1,,,,,,
4382,Other,10.55,-61.36667,Americas,Trinidad and Tobago,Chaguanas,Cunupia,Unknown,26/02/2004,26/02/2004,Denied,Influenza - Avian,HPAI,"domestic, chicken",,,,18000,,,,,
4376,Other,18.04861,102.66083,Asia,Lao People's Democratic Republic,Vientiane capital,Don Noun,Unknown,28/01/2004,28/01/2004,Confirmed,Influenza - Avian,H5N1 HPAI,"domestic, chicken",,2940,2940,700,,,,,
4216,Other,15.65,103.58333,Asia,Thailand,Roi Et,Kaset Wisai,Unknown,17/02/2004,17/02/2004,Confirmed,Influenza - Avian,H5N1 HPAI,"domestic, chicken",,,,,,,,,
4212,Other,8.86667,98.35,Asia,Thailand,Phangnga,Takua Pa,Unknown,27/02/2004,27/02/2004,Confirmed,Influenza - Avian,H5N1 HPAI,"domestic, chicken",,,,,,,,,
4208,Other,16.28333,101.95,Asia,Thailand,Chaiyaphum,Kaset Sombun,Unknown,17/02/2004,17/02/2004,Confirmed,Influenza - Avian,H5N1 HPAI,"domestic, chicken",,,,,,,,,
4204,Other,15.76333,101.91306,Asia,Thailand,Chaiyaphum,Ban Khwao,Unknown,17/02/2004,17/02/2004,Confirmed,Influenza - Avian,H5N1 HPAI,"domestic, chicken",,,,,,,,,
4196,National authorities,35.44361,137.74778,Asia,Japan,Nagano,Tamba town (Hyogo Prefeture),Unknown,26/02/2004,26/02/2004,Confirmed,Influenza - Avian,H5N1 HPAI,"domestic, chicken",200000,67500,67500,112000,,,,,
4190,Other,17.0,100.31667,Asia,Thailand,Phitsanulok,Wat Bot,Unknown,26/01/2004,30/01/2004,Confirmed,Influenza - Avian,H5N1 HPAI,"domestic, chicken",,,,4380,,,,,
4186,Other,16.11667,99.3,Asia,Thailand,Kampaeng Phet,Khlong Lan,Unknown,26/01/2004,30/01/2004,Confirmed,Influenza - Avian,H5N1 HPAI,"domestic, chicken",24500,,,24318,,,,,
4182,Other,12.8,99.96667,Asia,Thailand,Phetchaburi,Cha-am,Unknown,17/02/2004,17/02/2004,Confirmed,Influenza - Avian,H5N1 HPAI,"domestic, chicken",,,,,,,,,
4180,Other,11.44,105.12,Asia,Cambodia,Kandal,Preak Thom,Unknown,19/01/2004,19/01/2004,Confirmed,Influenza - Avian,H5N1 HPAI,"domestic, duck, domestic, guinea fowl, domestic, chicken, domestic, goose, domestic, turkey",267,207,207,16,,,,,
4174,Other,13.33,103.86,Asia,Cambodia,Siem Reap,Boeung Daun pa,Unknown,28/01/2004,28/01/2004,Confirmed,Influenza - Avian,H5N1 HPAI,"domestic, chicken",7,2,2,,,,,,
4164,Other,11.59,104.88,Asia,Cambodia,Phnom Penh,Boeung Daun Pa,Unknown,16/01/2004,05/02/2004,Confirmed,Influenza - Avian,H5N1 HPAI,"domestic, duck, domestic, chicken, domestic, goose",,43,34,9,,,,,
4158,Other,35.45,137.73306,Asia,Japan,Nagano,achi,Unknown,25/02/2004,25/02/2004,Denied,Influenza - Avian,HPAI,"domestic, chicken",,1,1,,,,,,
4152,Other,15.11667,105.78333,Asia,Lao People's Democratic Republic,Champasak,Pakse,Unknown,02/02/2004,02/02/2004,Confirmed,Influenza - Avian,H5N1 HPAI,"domestic, chicken",,63,63,437,,,,,
4148,Other,17.51667,104.76667,Asia,Lao People's Democratic Republic,Khammouan,Ban Phon Savanh,Unknown,19/01/2004,19/01/2004,Confirmed,Influenza - Avian,H5N1 HPAI,"domestic, chicken",,3394,3394,1906,,,,,
4144,Other,16.63333,105.13333,Asia,Lao People's Democratic Republic,Savannakhet,Ban Nong Hay,Unknown,04/02/2004,04/02/2004,Confirmed,Influenza - Avian,H5N1 HPAI,"domestic, chicken",,164,164,,,,,,
4140,Other,18.23333,104.06667,Asia,Lao People's Democratic Republic,Bolikhamxai,Ban Somsanouk,Unknown,28/01/2004,28/01/2004,Confirmed,Influenza - Avian,H5N1 HPAI,"domestic, chicken",,345,345,255,,,,,
4138,Other,17.98333,102.58333,Asia,Lao People's Democratic Republic,Vientiane capital,Ban Pakthang,Unknown,17/01/2004,17/01/2004,Confirmed,Influenza - Avian,H5N1 HPAI,"domestic, chicken",,824,824,,,,,,
4134,Other,18.01528,102.39667,Asia,Lao People's Democratic Republic,Vientiane capital,Ban Ang Gnai,Unknown,20/01/2004,20/01/2004,Confirmed,Influenza - Avian,H5N1 HPAI,"domestic, chicken",,4,4,,,,,,
4130,Other,18.09472,102.90278,Asia,Lao People's Democratic Republic,Vientiane capital,Ban Nonsomboun,Unknown,17/01/2004,17/01/2004,Confirmed,Influenza - Avian,H5N1 HPAI,"domestic, chicken",,3388,3388,6000,,,,,
4126,Other,18.00444,102.56167,Asia,Lao People's Democratic Republic,Vientiane capital,Ban Dongnathong,Unknown,15/01/2004,15/01/2004,Confirmed,Influenza - Avian,H5N1 HPAI,"domestic, chicken",,1600,1600,7785,,,,,
4122,Other,18.03583,102.64972,Asia,Lao People's Democratic Republic,Vientiane capital,Ban Saphang Meuk,Unknown,20/01/2004,20/01/2004,Confirmed,Influenza - Avian,H5N1 HPAI,"domestic, chicken",,2500,2500,250,,,,,
4118,Other,18.03361,102.63222,Asia,Lao People's Democratic Republic,Vientiane capital,Ban Dongdok,Unknown,16/01/2004,16/01/2004,Confirmed,Influenza - Avian,H5N1 HPAI,"domestic, chicken",,2600,2600,7950,,,,,
4114,Other,18.00861,102.61111,Asia,Lao People's Democratic Republic,Vientiane capital,Ban Nongtha-Nua,Unknown,19/01/2004,19/01/2004,Confirmed,Influenza - Avian,H5N1 HPAI,"domestic, chicken",,950,950,300,,,,,
4110,Other,18.18806,102.57389,Asia,Lao People's Democratic Republic,Vientiane capital,Ban Phonxai,Unknown,13/02/2004,13/02/2004,Confirmed,Influenza - Avian,H5N1 HPAI,"domestic, chicken",,1775,1775,5525,,,,,
4106,Other,18.0,102.66667,Asia,Lao People's Democratic Republic,Vientiane capital,Ban Nong Nieng,Unknown,24/01/2004,24/01/2004,Confirmed,Influenza - Avian,H5N1 HPAI,"domestic, chicken",,1600,1600,1350,,,,,
4102,Other,18.00944,102.68722,Asia,Lao People's Democratic Republic,Vientiane capital,Ban Sok Noi,Unknown,17/02/2004,17/02/2004,Confirmed,Influenza - Avian,H5N1 HPAI,"domestic, chicken",,850,850,9000,,,,,
4098,Other,17.93611,102.67083,Asia,Lao People's Democratic Republic,Vientiane capital,Ban Xieng Da,Unknown,26/01/2004,26/01/2004,Confirmed,Influenza - Avian,H5N1 HPAI,"domestic, duck",,2000,2000,350,,,,,
4092,Other,29.58139,-97.54556,Americas,United States of America,Texas,Gonzales County,Unknown,17/02/2004,20/02/2004,Confirmed,Influenza - Avian,H5N2 HPAI,"domestic, chicken",15000,6600,,8000,,,,,
4086,Other,24.86667,67.05,Asia,Pakistan,Sindh,Karachi,Unknown,19/01/2004,27/01/2004,Confirmed,Influenza - Avian,LPAI,"domestic, chicken",6400000,2500000,1200000,,500000,,,,
4082,OIE,22.33333,114.18333,Asia,"Hong Kong, SAR",Administrative unit not available,Kowloon,Unknown,19/01/2004,26/01/2004,Confirmed,Newcastle disease,,"wild, unspecified bird",1,1,1,,,,,,
4078,International reference laboratory,23.50889,120.24417,Asia,Taiwan (Province of China),Taiwan Sheng,Liu-chiao,Unknown,20/01/2004,20/01/2004,Confirmed,Influenza - Avian,LPAI,"domestic, chicken",,,,,,,,,
4074,International reference laboratory,24.08,120.5425,Asia,Taiwan (Province of China),Taiwan Sheng,Chang Hwa,Unknown,20/01/2004,20/01/2004,Confirmed,Influenza - Avian,LPAI,"domestic, chicken",54666,,,54666,,,,,
4068,Other,36.80639,127.15222,Asia,Republic of Korea,Chungchongnam-do,Cheonan,Unknown,25/01/2004,25/01/2004,Confirmed,Influenza - Avian,H5N1 HPAI,"domestic, chicken",23000,,,,,,,,
4066,Other,36.80639,127.15222,Asia,Republic of Korea,Chungchongnam-do,Cheonan,Unknown,02/01/2004,02/01/2004,Confirmed,Influenza - Avian,H5N1 HPAI,"domestic, duck",8500,,,,,,,,
4062,Other,36.80639,127.15222,Asia,Republic of Korea,Chungchongnam-do,Cheonan,Unknown,18/12/2003,25/03/2004,Confirmed,Influenza - Avian,H5N1 HPAI,"domestic, duck",4758,,,,,,,,
4058,Other,25.80167,113.05639,Asia,China,Hunan Sheng,Suxianqu,Unknown,23/01/2004,19/02/2004,Confirmed,Influenza - Avian,H5N1 HPAI,"domestic, duck",400,400,300,109200,,,,,
4054,Other,49.05,-122.3,Americas,Canada,British Columbia / Colombie-Britannique,Abbotsford,Unknown,19/02/2004,19/02/2004,Confirmed,Influenza - Avian,H7N3 HPAI,"domestic, chicken",16000,,,,,,,,
4038,Other,37.27917,127.4425,Asia,Republic of Korea,Kyonggi-do,Icheon,Unknown,23/12/2003,06/02/2004,Confirmed,Influenza - Avian,H5N1 HPAI,"domestic, chicken",43000,,,,,,,,
4030,Other,35.33861,129.03861,Asia,Republic of Korea,Kyongsangnam-do,Yangsan,Unknown,11/01/2004,11/01/2004,Confirmed,Influenza - Avian,H5N1 HPAI,"domestic, chicken",18000,,,,,,,,
4028,Other,36.85667,127.44333,Asia,Republic of Korea,Chungchongbuk-do,Chinchon,Unknown,21/12/2003,25/03/2004,Confirmed,Influenza - Avian,H5N1 HPAI,"domestic, chicken",,,,,,,,,
4002,Other,22.543447,114.057818,Asia,China,Guangdong Sheng,Shenzhen,Unknown,01/02/2004,01/02/2004,Confirmed,Influenza - Avian,H5N1 HPAI,"captive, swan",,66,66,142,,,,,
3996,Other,25.118,114.312,Asia,China,Guangdong Sheng,Huangkeng,Exact,06/02/2004,16/02/2004,Confirmed,Influenza - Avian,H5N1 HPAI,"domestic, unspecified bird, domestic, chicken, domestic, goose",,750,500,156458,,,,,
3994,Other,25.339,103.037,Asia,China,Yunnan Sheng,Songming,Exact,12/02/2004,16/02/2004,Confirmed,Influenza - Avian,H5N1 HPAI,"domestic, unspecified bird, domestic, duck, domestic, chicken",,219,219,82652,,,,,
3990,Other,30.083,115.938,Asia,China,Hubei Sheng,Huangmei,Exact,04/02/2004,16/02/2004,Confirmed,Influenza - Avian,H5N1 HPAI,"domestic, unspecified bird, domestic, chicken, domestic, duck, domestic, goose",,2290,2290,4580,,,,,
3984,Other,40.0,-77.0,Americas,United States of America,Pennsylvania,New Jersey,Unknown,13/02/2004,13/02/2004,Confirmed,Influenza - Avian,H7N2 LPAI,"domestic, chicken",,,,,,,,,
3980,Other,38.63194,-75.29639,Americas,United States of America,Delaware,Mount Joy,Unknown,13/02/2004,13/02/2004,Confirmed,Influenza - Avian,H2N2 LPAI,"domestic, chicken",500000,,,,,,,,
3976,Other,38.68917,-75.35889,Americas,United States of America,Delaware,Sussex County,Unknown,10/02/2004,10/02/2004,Confirmed,Influenza - Avian,H7N2 LPAI,"domestic, chicken",,,,,,,,,
3968,National authorities,33.23722,131.60444,Asia,Japan,Ooita,Oita,Unknown,17/02/2004,17/02/2004,Confirmed,Influenza - Avian,H5N1 HPAI,"domestic, chicken, domestic, duck",,14,7,,,,,,
3962,Other,45.76667,123.76667,Asia,China,Jilin Sheng,Yanjiang,Unknown,14/02/2004,16/02/2004,Confirmed,Influenza - Avian,H5N1 HPAI,"domestic, chicken",,49,49,49,,,,,
3956,Other,29.65,91.1,Asia,China,Xizang Zizhiqu,Lhasa,Unknown,08/02/2004,16/02/2004,Confirmed,Influenza - Avian,H5N1 HPAI,"domestic, chicken",,425,425,425,,,,,
3942,Media,18.00167,102.63361,Asia,Lao People's Democratic Republic,Vientiane capital,Ban Chommani,Unknown,28/01/2004,23/02/2004,Confirmed,Influenza - Avian,H5N1 HPAI,"domestic, chicken",,1000,1000,150,,,,,
3932,Other,21.85,111.96667,Asia,China,Guangdong Sheng,Jiangcheng,Unknown,03/02/2004,12/02/2004,Confirmed,Influenza - Avian,H5N1 HPAI,"domestic, goose",,760,497,167732,,,,,
3928,Other,28.579,112.374,Asia,China,Hunan Sheng,Yuejiaqiao,Exact,27/01/2004,12/02/2004,Confirmed,Influenza - Avian,H5N1 HPAI,"domestic, duck, domestic, chicken, domestic, chicken",,321,296,120300,,,,,
3924,Other,27.27667,111.66806,Asia,China,Hunan Sheng,Niumasi,Unknown,27/01/2004,12/02/2004,Confirmed,Influenza - Avian,H5N1 HPAI,"domestic, duck, domestic, chicken, domestic, chicken",,840,457,58600,,,,,
3922,Other,29.83333,115.16667,Asia,China,Hubei Sheng,Xingguo,Unknown,02/02/2004,12/02/2004,Confirmed,Influenza - Avian,H5N1 HPAI,"domestic, chicken, domestic, duck",,86,86,24249,,,,,
3918,Other,30.26472,111.64639,Asia,China,Hubei Sheng,Chendian,Unknown,30/01/2004,12/02/2004,Confirmed,Influenza - Avian,H5N1 HPAI,"domestic, duck, domestic, chicken, domestic, chicken, domestic, goose",,187,187,15470,,,,,
3916,Other,30.06056,112.22417,Asia,China,Hubei Sheng,Gong An,Unknown,31/01/2004,12/02/2004,Confirmed,Influenza - Avian,H5N1 HPAI,"domestic, duck, domestic, chicken, domestic, chicken, domestic, goose",,264,264,25258,,,,,
3914,Other,29.9,113.4,Asia,China,Hubei Sheng,Hong Hu,Unknown,30/01/2004,12/02/2004,Confirmed,Influenza - Avian,H5N1 HPAI,"domestic, duck, domestic, chicken, domestic, chicken, domestic, goose",,638,638,56549,,,,,
3910,Other,29.85,115.55,Asia,China,Hubei Sheng,Wuxue,Unknown,26/01/2004,30/01/2004,Confirmed,Influenza - Avian,H5N1 HPAI,"domestic, duck, domestic, chicken, domestic, chicken, domestic, goose",,,1400,193321,,,,,
3906,Other,30.77111,111.32167,Asia,China,Hubei Sheng,Yichang,Unknown,28/01/2004,28/01/2004,Confirmed,Influenza - Avian,H5N1 HPAI,"domestic, duck, domestic, chicken, domestic, chicken",,,4703,19313,,,,,
3902,Other,23.55,116.35,Asia,China,Guangdong Sheng,Jieyang,Exact,30/01/2004,30/01/2004,Confirmed,Influenza - Avian,H5N1 HPAI,"domestic, unspecified bird, domestic, chicken, domestic, duck, domestic, goose",,2500,1300,90670,,,,,
3900,Media,26.732,110.629,Asia,China,Hunan Sheng,Wugang,Exact,26/01/2004,30/01/2004,Confirmed,Influenza - Avian,H5N1 HPAI,"domestic, duck, domestic, chicken, domestic, chicken, domestic, goose",,,1300,131600,,,,,
3898,Other,43.8,87.58333,Asia,China,Xinjiang Uygur Zizhiqu,Urumqi,Unknown,23/01/2004,10/02/2004,Confirmed,Influenza - Avian,H5N1 HPAI,"domestic, chicken",,,4058,15605,,,,,
3890,Other,34.56528,110.06639,Asia,China,Shaanxi Sheng,Huayin,Unknown,07/02/2004,10/02/2004,Confirmed,Influenza - Avian,H5N1 HPAI,"domestic, duck, domestic, chicken, domestic, chicken, domestic, goose",22700,377,377,59159,,,,,
3888,Media,22.81667,108.31667,Asia,China,Guangxi Zhuangzu Zizhiqu,Nanning,Unknown,07/02/2004,10/02/2004,Confirmed,Influenza - Avian,H5N1 HPAI,"domestic, duck, domestic, chicken, domestic, chicken, domestic, goose",,600,450,199192,,,,,
3884,Other,39.14222,117.17667,Asia,China,Tianjin Shi,Tianjin,Unknown,08/02/2004,10/02/2004,Confirmed,Influenza - Avian,H5N1 HPAI,"domestic, duck, domestic, chicken, domestic, chicken, domestic, goose",,236,236,45721,,,,,
3876,Other,21.697,110.904,Asia,China,Guangdong Sheng,Maoming,Exact,07/02/2004,10/02/2004,Confirmed,Influenza - Avian,H5N1 HPAI,"domestic, duck, domestic, chicken, domestic, chicken",,310,200,23498,,,,,
3872,Other,22.232,113.196,Asia,China,Guangdong Sheng,Doumen,Exact,07/02/2004,10/02/2004,Confirmed,Influenza - Avian,H5N1 HPAI,"domestic, duck, domestic, unspecified bird, domestic, chicken",,1140,2172,31172,,,,,
3862,Other,31.17833,115.03194,Asia,China,Hubei Sheng,Macheng,Unknown,05/02/2004,10/02/2004,Confirmed,Influenza - Avian,H5N1 HPAI,"domestic, duck, domestic, chicken, domestic, chicken",107532,6579,318,108250,,,,,
3858,Other,24.90583,102.49167,Asia,China,Yunnan Sheng,Lianran,Unknown,05/02/2004,10/02/2004,Confirmed,Influenza - Avian,H5N1 HPAI,"domestic, duck, domestic, chicken, domestic, chicken, domestic, goose",366,55,33,110586,,,,,
3854,Other,25.76333,102.52333,Asia,China,Yunnan Sheng,Tuanjie,Unknown,04/02/2004,10/02/2004,Confirmed,Influenza - Avian,H5N1 HPAI,"domestic, duck, domestic, quail, domestic, chicken, domestic, chicken",,8326,8326,15651,,,,,
3848,Other,28.48694,115.11361,Asia,China,Jiangxi Sheng,Wanxi,Unknown,02/02/2004,02/02/2004,Confirmed,Influenza - Avian,H5N1 HPAI,"domestic, duck, domestic, quail, domestic, chicken, domestic, chicken",,,400,1292733,,,,,
3842,Media,32.95389,114.62722,Asia,China,Henan Sheng,Pingyu,Unknown,02/02/2004,02/02/2004,Confirmed,Influenza - Avian,H5N1 HPAI,"domestic, chicken",2600,1500,790,1810,,,,,
3830,Media,-6.5,106.25,Asia,Indonesia,Banten,Banten,Unknown,02/02/2004,02/02/2004,Confirmed,Influenza - Avian,H5N1 HPAI,"domestic, chicken",,,,,,,,,
3822,Media,17.47778,100.11889,Asia,Thailand,Uttaradit,Tron,Unknown,27/01/2004,27/01/2004,Confirmed,Influenza - Avian,H5N1 HPAI,"domestic, chicken",,,,40000,,,,,
3818,Media,15.36667,100.05,Asia,Thailand,Uthai Thani,Uthai Thani,Unknown,26/01/2004,24/02/2004,Confirmed,Influenza - Avian,H5N1 HPAI,"domestic, chicken",,124883,,,,,,,
3816,Media,14.42278,100.13806,Asia,Thailand,Suphanburi,Bang-plama,Unknown,27/01/2004,27/01/2004,Confirmed,Influenza - Avian,H5N1 HPAI,"domestic, chicken",,,,,,,,,
3812,Media,17.00639,99.82333,Asia,Thailand,Sukhothai,Sukhothai,Unknown,29/01/2004,29/01/2004,Confirmed,Influenza - Avian,H5N1 HPAI,"domestic, chicken",,,,,,,,,
3808,Media,14.76667,100.4,Asia,Thailand,Singburi,Tha chang,Unknown,26/01/2004,24/02/2004,Confirmed,Influenza - Avian,H5N1 HPAI,"domestic, chicken",,657775,,,,,,,
3804,Media,17.16667,104.15,Asia,Thailand,Sakon Nakhon,Sakon Nakhon,Unknown,29/01/2004,29/01/2004,Confirmed,Influenza - Avian,H5N1 HPAI,"domestic, chicken",,7017,,,,,,,
3798,Other,13.53333,99.8,Asia,Thailand,Ratchaburi,Ratchaburi,Unknown,28/01/2004,28/01/2004,Confirmed,Influenza - Avian,H5N1 HPAI,"domestic, chicken",,439900,,,,,,,
3794,Media,16.43333,100.36667,Asia,Thailand,Phichit,Phichit,Unknown,27/01/2004,27/01/2004,Confirmed,Influenza - Avian,H5N1 HPAI,"domestic, chicken",,,,,,,,,
3786,Other,13.81667,100.05,Asia,Thailand,Nakhon Pathom,Nakhon Pathom,Unknown,27/01/2004,27/01/2004,Confirmed,Influenza - Avian,H5N1 HPAI,"domestic, chicken",,601132,,,,,,,
3782,Media,14.12583,99.70111,Asia,Thailand,Kanchanaburi,Phanom Thuan,Unknown,24/01/2004,24/02/2004,Confirmed,Influenza - Avian,H5N1 HPAI,"domestic, chicken",,1196263,,,,,,,
3756,Media,16.43333,103.51667,Asia,Thailand,Kalasin,Kalasin,Unknown,28/01/2004,28/01/2004,Confirmed,Influenza - Avian,H5N1 HPAI,"domestic, chicken",,24958,,,,,,,
3754,Media,15.31667,100.08333,Asia,Thailand,Uthai Thani,Manorom,Unknown,26/01/2004,24/02/2004,Confirmed,Influenza - Avian,H5N1 HPAI,"domestic, chicken",,5764,,,,,,,
3750,Media,13.75,100.51667,Asia,Thailand,Bangkok,Bangkok,Unknown,29/01/2004,29/01/2004,Confirmed,Influenza - Avian,H5N1 HPAI,"domestic, chicken",,1531224,,,,,,,
3744,Media,14.58333,100.45,Asia,Thailand,Ang Thong,Ang Thong,Unknown,27/01/2004,27/01/2004,Confirmed,Influenza - Avian,H5N1 HPAI,"domestic, chicken",,2955056,,,,,,,
3738,Other,36.85556,126.95278,Asia,Republic of Korea,Chungchongnam-do,Asan,Unknown,04/02/2004,04/02/2004,Confirmed,Influenza - Avian,H5N1 HPAI,"domestic, duck",14700,,,,,,,,
3734,Other,22.9525,115.43333,Asia,China,Guangdong Sheng,Ketang,Unknown,28/01/2004,06/02/2004,Confirmed,Influenza - Avian,H5N1 HPAI,"domestic, duck",750,750,195,88607,,,,,
3730,Other,22.73333,111.45,Asia,China,Guangdong Sheng,Lishao,Unknown,05/02/2004,06/02/2004,Confirmed,Influenza - Avian,H5N1 HPAI,"domestic, duck, domestic, chicken, domestic, chicken",1252,1252,750,9957,,,,,
3724,Other,24.75861,103.26528,Asia,China,Yunnan Sheng,Lufu,Unknown,26/01/2004,06/02/2004,Confirmed,Influenza - Avian,H5N1 HPAI,"domestic, duck, domestic, chicken, domestic, chicken",7400,3474,2653,253389,,,,,
3720,Other,28.236,116.59,Asia,China,Jiangxi Sheng,Dongxiangxian,Exact,02/02/2004,06/02/2004,Confirmed,Influenza - Avian,H5N1 HPAI,"domestic, duck, domestic, unspecified bird, domestic, chicken",3696,841,585,56064,,,,,
3714,Media,31.675,118.48333,Asia,China,Anhui Sheng,Yushan,Unknown,05/02/2004,05/02/2004,Confirmed,Influenza - Avian,H5N1 HPAI,"domestic, chicken",,,18200,1585,,,,,
3710,Other,28.293,117.245,Asia,China,Jiangxi Sheng,Huangqiao,Exact,22/01/2004,05/02/2004,Confirmed,Influenza - Avian,H5N1 HPAI,"domestic, duck, domestic, chicken, domestic, chicken",8600,8600,8600,21955,,,,,
3704,Other,24.89333,102.79667,Asia,China,Yunnan Sheng,Chenggong,Unknown,20/01/2004,02/02/2004,Confirmed,Influenza - Avian,H5N1 HPAI,"domestic, duck, domestic, chicken",78000,78000,4820,145197,,,,,
3698,Other,36.22722,103.80083,Asia,China,Gansu Sheng,Zhonghe,Unknown,30/01/2004,08/02/2004,Confirmed,Influenza - Avian,H5N1 HPAI,"domestic, chicken",1200,400,200,2390,,,,,
3688,Other,25.015,102.744,Asia,China,Yunnan Sheng,Guandu,Exact,01/02/2004,05/02/2004,Confirmed,Influenza - Avian,H5N1 HPAI,"domestic, unspecified bird, domestic, chicken, domestic, quail",1598,1598,48206,2427994,,,,,
3682,Other,17.51639,101.07167,Asia,Lao People's Democratic Republic,Xaignabouli,Ban Nonsavang,Unknown,15/01/2004,27/01/2004,Confirmed,Influenza - Avian,H5N1 HPAI,"domestic, chicken",,2100,2100,300,,,,,
3674,Media,11.56,104.89,Asia,Cambodia,Phnom Penh,Pong Peay,Unknown,12/01/2004,12/01/2004,Confirmed,Influenza - Avian,H5N1 HPAI,"domestic, chicken",7500,3300,3300,,,,,,
3660,Other,33.27,115.353,Asia,China,Anhui Sheng,Jieshou,Exact,28/01/2004,04/02/2004,Confirmed,Influenza - Avian,H5N1 HPAI,"domestic, chicken",,2700,2700,147953,,,,,
3656,Other,31.85667,112.15944,Asia,China,Hubei Sheng,Oumiao,Unknown,23/01/2004,03/02/2004,Confirmed,Influenza - Avian,H5N1 HPAI,"domestic, duck, domestic, chicken, domestic, chicken, domestic, goose",4200,2000,22,122775,,,,,
3652,Other,32.9,115.81667,Asia,China,Anhui Sheng,Fuyang,Unknown,26/01/2004,04/02/2004,Confirmed,Influenza - Avian,H5N1 HPAI,"domestic, chicken",372,11,11,,,,,,
3650,Other,29.256,113.277,Asia,China,Hunan Sheng,Wujiang,Exact,23/01/2004,04/02/2004,Confirmed,Influenza - Avian,H5N1 HPAI,"domestic, chicken, domestic, chicken",,2400,2380,6020,,,,,
3642,Other,28.0,52.0,Asia,Iran  (Islamic Republic of),Bushehr,Bushehr,Unknown,30/01/2004,30/01/2004,Confirmed,Leptospirosis,,"domestic, cattle",800,,,,,,,,
3634,Other,34.15861,108.93583,Asia,China,Shaanxi Sheng,Weiqu,Unknown,30/01/2004,04/02/2004,Confirmed,Influenza - Avian,H5N1 HPAI,"domestic, duck, domestic, chicken, domestic, chicken, domestic, goose",5425,1919,1919,80144,,,,,
3610,Other,43.8,87.58333,Asia,China,Xinjiang Uygur Zizhiqu,Urumqi,Unknown,23/01/2004,02/02/2004,Confirmed,Influenza - Avian,H5N1 HPAI,"domestic, chicken",6400,4508,4508,2342,,,,,
3608,Other,28.889,120.047,Asia,China,Zhejiang Sheng,Yong kang,Exact,20/01/2004,02/02/2004,Confirmed,Influenza - Avian,H5N1 HPAI,"domestic, duck, domestic, chicken, domestic, chicken, domestic, goose",850,550,550,67789,,,,,
3598,Media,31.22222,121.45806,Asia,China,Shanghai Shi,Shanghai,Unknown,30/01/2004,30/01/2004,Confirmed,Influenza - Avian,H5N1 HPAI,"domestic, duck, domestic, chicken, domestic, chicken",,300,300,365000,,,,,
3594,Other,30.89306,119.41361,Asia,China,Anhui Sheng,Guangde,Unknown,30/01/2004,30/01/2004,Confirmed,Influenza - Avian,H5N1 HPAI,"domestic, duck, domestic, chicken",,,3700,35609,,,,,
3590,Other,23.672,116.646,Asia,China,Guangdong Sheng,Gugang,Exact,24/01/2004,31/01/2004,Confirmed,Influenza - Avian,H5N1 HPAI,"domestic, duck, domestic, chicken, domestic, chicken, domestic, goose",180,,80,7610,,,,,
3586,Other,30.4,114.83333,Asia,China,Hubei Sheng,Ezhou,Unknown,25/01/2004,31/01/2004,Confirmed,Influenza - Avian,H5N1 HPAI,"domestic, duck, domestic, chicken, domestic, goose",564,200,200,,,,,,
3582,Other,17.96667,102.6,Asia,Lao People's Democratic Republic,Vientiane capital,Vientiane,Unknown,19/01/2004,27/01/2004,Confirmed,Influenza - Avian,H5N1 HPAI,"domestic, chicken",3000,2700,2700,,,,,,
3574,Media,23.166,107.696,Asia,China,Guangxi Zhuangzu Zizhiqu,Longan,Exact,20/01/2004,26/01/2004,Confirmed,Influenza - Avian,H5N1 HPAI,"domestic, duck, domestic, chicken, domestic, chicken",,,280,14000,,,,,
